{"name":"Ayuda","identifier":"GAMFVNLWIT","description":null,"parentIntentSignature":"AMAZON.HelpIntent","sampleUtterances":null,"intentConfirmationSetting":null,"intentClosingSetting":null,"initialResponseSetting":{"codeHook":{"isActive":true,"invocationLabel":null,"postCodeHookSpecification":{"failureResponse":null,"failureNextStep":{"sessionAttributes":{},"dialogAction":{"type":"EndConversation","slotToElicit":null,"suppressNextMessage":null},"intent":{"name":null,"slots":{}}},"failureConditional":null,"successConditional":null,"timeoutResponse":null,"timeoutNextStep":{"sessionAttributes":{},"dialogAction":{"type":"EndConversation","slotToElicit":null,"suppressNextMessage":null},"intent":{"name":null,"slots":{}}},"timeoutConditional":null,"successNextStep":{"sessionAttributes":null,"dialogAction":{"type":"FulfillIntent","slotToElicit":null,"suppressNextMessage":null},"intent":{"name":null,"slots":{}}},"successResponse":null},"enableCodeHookInvocation":true},"conditional":null,"nextStep":{"sessionAttributes":{},"dialogAction":{"type":"InvokeDialogCodeHook","slotToElicit":null,"suppressNextMessage":null},"intent":{"name":null,"slots":{}}},"initialResponse":null},"inputContexts":null,"outputContexts":null,"kendraConfiguration":null,"dialogCodeHook":null,"fulfillmentCodeHook":{"isActive":true,"postFulfillmentStatusSpecification":{"failureResponse":null,"failureNextStep":{"sessionAttributes":null,"dialogAction":{"type":"EndConversation","slotToElicit":null,"suppressNextMessage":null},"intent":{"name":null,"slots":null}},"timeoutResponse":null,"timeoutNextStep":{"sessionAttributes":null,"dialogAction":{"type":"EndConversation","slotToElicit":null,"suppressNextMessage":null},"intent":{"name":null,"slots":null}},"successNextStep":{"sessionAttributes":null,"dialogAction":{"type":"EndConversation","slotToElicit":null,"suppressNextMessage":null},"intent":{"name":null,"slots":null}},"successResponse":null},"fulfillmentUpdatesSpecification":null,"enabled":true},"slotPriorities":[]}