{"name":"EstadoPedido","identifier":"B7J37P2NTE","description":null,"parentIntentSignature":null,"sampleUtterances":[{"utterance":"quiero saber el estado de mi pedido"},{"utterance":"donde está el pedido {PedidoId} ?"},{"utterance":"dime donde está el pedido {PedidoId}"},{"utterance":"pedido {PedidoId}"},{"utterance":"tracking {PedidoId}"},{"utterance":"envío {PedidoId}"},{"utterance":"estado del envío"}],"intentConfirmationSetting":null,"intentClosingSetting":null,"initialResponseSetting":{"codeHook":{"isActive":true,"invocationLabel":null,"postCodeHookSpecification":{"failureResponse":null,"failureNextStep":{"sessionAttributes":{},"dialogAction":{"type":"EndConversation","slotToElicit":null,"suppressNextMessage":null},"intent":{"name":null,"slots":{}}},"failureConditional":null,"successConditional":null,"timeoutResponse":null,"timeoutNextStep":{"sessionAttributes":{},"dialogAction":{"type":"EndConversation","slotToElicit":null,"suppressNextMessage":null},"intent":{"name":null,"slots":{}}},"timeoutConditional":null,"successNextStep":{"sessionAttributes":{},"dialogAction":{"type":"ElicitSlot","slotToElicit":"PedidoId","suppressNextMessage":null},"intent":{"name":null,"slots":{}}},"successResponse":null},"enableCodeHookInvocation":true},"conditional":null,"nextStep":{"sessionAttributes":{},"dialogAction":{"type":"InvokeDialogCodeHook","slotToElicit":null,"suppressNextMessage":null},"intent":{"name":null,"slots":{}}},"initialResponse":null},"inputContexts":null,"outputContexts":null,"kendraConfiguration":null,"dialogCodeHook":{"enabled":true},"fulfillmentCodeHook":{"isActive":true,"postFulfillmentStatusSpecification":{"failureResponse":null,"failureNextStep":{"sessionAttributes":{},"dialogAction":{"type":"EndConversation","slotToElicit":null,"suppressNextMessage":null},"intent":{"name":null,"slots":{}}},"timeoutResponse":null,"timeoutNextStep":{"sessionAttributes":{},"dialogAction":{"type":"EndConversation","slotToElicit":null,"suppressNextMessage":null},"intent":{"name":null,"slots":{}}},"successNextStep":{"sessionAttributes":{},"dialogAction":{"type":"EndConversation","slotToElicit":null,"suppressNextMessage":null},"intent":{"name":null,"slots":{}}},"successResponse":null},"fulfillmentUpdatesSpecification":null,"enabled":true},"slotPriorities":[{"priority":0,"slotName":"PedidoId"}]}